"SteamID","Clean Data","Case Folding","Tokenisasi","Stopword","Normalisasi","Stemming","Hasil","Status"
"76561198274207250","Game strategi yang bagus dengan komunitas yang lucu adalah tempat yang bagus untuk belajar banyak tentang ibumu","game strategi yang bagus dengan komunitas yang lucu adalah tempat yang bagus untuk belajar banyak tentang ibumu","game strategi yang bagus dengan komunitas yang lucu adalah tempat yang bagus untuk belajar banyak tentang ibumu","game strategi bagus komunitas lucu bagus belajar ibumu","main strategi bagus komunitas lucu bagus belajar ibumu","main strategi bagus komunitas lucu bagus ajar ibu","main strategi bagus komunitas lucu bagus ajar ibu","baik"
"76561198438294960","Game seperti mantan yang kasar Anda tahu hubungan yang Anda miliki dengan mereka beracun tetapi Anda terus berpikir bahwa kali akan berbeda","game seperti mantan yang kasar anda tahu hubungan yang anda miliki dengan mereka beracun tetapi anda terus berpikir bahwa kali akan berbeda","game seperti mantan yang kasar anda tahu hubungan yang anda miliki dengan mereka beracun tetapi anda terus berpikir bahwa kali akan berbeda","game mantan kasar hubungan miliki beracun berpikir kali berbeda","main mantan kasar hubungan miliki beracun berpikir kali berbeda","main mantan kasar hubung milik racun pikir kali beda","main mantan kasar hubung milik racun pikir kali beda","baik"
"76561199716640510","Permainan luar biasa sangat baik untuk pemula saat mereka berada menu Komunitas tidak hanya positif tetapi juga memiliki keterampilan telepati Mereka mengatakan kepada saya bahwa ayah saya bukan ayah saya saya tidak bekerja tempat yang saya pikirkan Juga salah satu keuntungannya adalah banyak dokter yang bermain Dota mereka dapat dengan mudah mendiagnosis kemampuan mental fisik Anda","permainan luar biasa sangat baik untuk pemula saat mereka berada menu komunitas tidak hanya positif tetapi juga memiliki keterampilan telepati mereka mengatakan kepada saya bahwa ayah saya bukan ayah saya saya tidak bekerja tempat yang saya pikirkan juga salah satu keuntungannya adalah banyak dokter yang bermain dota mereka dapat dengan mudah mendiagnosis kemampuan mental fisik anda","permainan luar biasa sangat baik untuk pemula saat mereka berada menu komunitas tidak hanya positif tetapi juga memiliki keterampilan telepati mereka mengatakan kepada saya bahwa ayah saya bukan ayah saya saya tidak bekerja tempat yang saya pikirkan juga salah satu keuntungannya adalah banyak dokter yang bermain dota mereka dapat dengan mudah mendiagnosis kemampuan mental fisik anda","permainan pemula menu komunitas positif memiliki keterampilan telepati ayah ayah pikirkan salah keuntungannya dokter bermain dota mudah mendiagnosis kemampuan mental fisik","permainan pemula menu komunitas positif memiliki keterampilan telepati ayah ayah pikirkan salah keuntungannya dokter bermain dota mudah mendiagnosis kemampuan mental fisik","main mula menu komunitas positif milik terampil telepati ayah ayah pikir salah untung dokter main dota mudah diagnosis mampu mental fisik","main mula menu komunitas positif milik terampil telepati ayah ayah pikir salah untung dokter main dota mudah diagnosis mampu mental fisik","baik"
"76561198363396220","Dota akan selalu menjadi permainan yang bagus MOBA terbaik untukku Tidak pernah bosan memainkannya selalu membuat saya kembali untuk lebih Berbasis pemain agak beracun tetapi secara kompetitif hanya tergantung pada bagaimana Anda melihat mengambilnya Waktu perhatian uang persahabatan yang saya lakukan habiskan dalam permainan akan selalu sepadan Setelah bermain game selama bertahun -tahun saya telah memutuskan untuk berhenti karenanya ulasan Saya berhenti karena alasan medis saya sudah terlalu untuk permainan Hanya nostalgia murni yang memicu saya untuk melanjutkan tetapi sekarang saatnya untuk menutup telepon Nikmati permainan selalu memiliki sikap mental yang positif terhadap permainan terima kasih Dota untuk semua kenangan GGWP","dota akan selalu menjadi permainan yang bagus moba terbaik untukku tidak pernah bosan memainkannya selalu membuat saya kembali untuk lebih berbasis pemain agak beracun tetapi secara kompetitif hanya tergantung pada bagaimana anda melihat mengambilnya waktu perhatian uang persahabatan yang saya lakukan habiskan dalam permainan akan selalu sepadan setelah bermain game selama bertahun -tahun saya telah memutuskan untuk berhenti karenanya ulasan saya berhenti karena alasan medis saya sudah terlalu untuk permainan hanya nostalgia murni yang memicu saya untuk melanjutkan tetapi sekarang saatnya untuk menutup telepon nikmati permainan selalu memiliki sikap mental yang positif terhadap permainan terima kasih dota untuk semua kenangan ggwp","dota akan selalu menjadi permainan yang bagus moba terbaik untukku tidak pernah bosan memainkannya selalu membuat saya kembali untuk lebih berbasis pemain agak beracun tetapi secara kompetitif hanya tergantung pada bagaimana anda melihat mengambilnya waktu perhatian uang persahabatan yang saya lakukan habiskan dalam permainan akan selalu sepadan setelah bermain game selama bertahun -tahun saya telah memutuskan untuk berhenti karenanya ulasan saya berhenti karena alasan medis saya sudah terlalu untuk permainan hanya nostalgia murni yang memicu saya untuk melanjutkan tetapi sekarang saatnya untuk menutup telepon nikmati permainan selalu memiliki sikap mental yang positif terhadap permainan terima kasih dota untuk semua kenangan ggwp","dota permainan bagus moba terbaik untukku bosan memainkannya berbasis pemain beracun kompetitif tergantung mengambilnya perhatian uang persahabatan lakukan habiskan permainan sepadan bermain game bertahun -tahun memutuskan berhenti ulasan berhenti alasan medis permainan nostalgia murni memicu melanjutkan menutup telepon nikmati permainan memiliki sikap mental positif permainan terima kasih dota kenangan ggwp","dota permainan bagus moba terbaik untukku bosan memainkannya berbasis pemain beracun kompetitif tergantung mengambilnya perhatian uang persahabatan lakukan habiskan permainan sepadan bermain main bertahun -tahun memutuskan berhenti ulasan berhenti alasan medis permainan nostalgia murni memicu melanjutkan menutup telepon nikmati permainan memiliki sikap mental positif permainan terima kasih dota kenangan main bagus main","dota main bagus moba baik untuk bosan main bas main racun kompetitif gantung ambil perhati uang sahabat laku habis main padan main main tahun -tahun putus henti ulas henti alas medis main nostalgia murni picu lanjut tutup telepon nikmat main milik sikap mental positif main terima kasih dota kenang main bagus main","dota main bagus moba baik untuk bosan main bas main racun kompetitif gantung ambil perhati uang sahabat laku habis main padan main main tahun -tahun putus henti ulas henti alas medis main nostalgia murni picu lanjut tutup telepon nikmat main milik sikap mental positif main terima kasih dota kenang main bagus main","baik"
"76561198116675000","Saya bahkan tidak tahu mengapa saya masih bermain seperti sesi untuk mengobrol dengan teman - teman sementara memiliki beberapa konten sampingan melihat kembali yang dimainkan saya bertanya tanya yang akan berubah jika saya menempatkan seperempat dari untuk piano atau sesuatu belajar bahasa baru bertemu orang baru menikmati berbagai jenis seni Tapi yang bisa saya lakukan hanyalah bertanya -tanya karena Anda tidak dapat mengubah masa lalu Saya bahkan tidak tahu apakah saya dapat mengubah masa kini karena adalah kecanduan yang sulit Terlepas dari semua adalah MOBA terbaik sangat kompleks dalam tetapi juga berarti lebih sulit bagi pemula untuk belajar Saya akan memberikan jempol Tidak banyak game yang bisa memakan waktu dari saya","saya bahkan tidak tahu mengapa saya masih bermain seperti sesi untuk mengobrol dengan teman - teman sementara memiliki beberapa konten sampingan melihat kembali yang dimainkan saya bertanya tanya yang akan berubah jika saya menempatkan seperempat dari untuk piano atau sesuatu belajar bahasa baru bertemu orang baru menikmati berbagai jenis seni tapi yang bisa saya lakukan hanyalah bertanya -tanya karena anda tidak dapat mengubah masa lalu saya bahkan tidak tahu apakah saya dapat mengubah masa kini karena adalah kecanduan yang sulit terlepas dari semua adalah moba terbaik sangat kompleks dalam tetapi juga berarti lebih sulit bagi pemula untuk belajar saya akan memberikan jempol tidak banyak game yang bisa memakan waktu dari saya","saya bahkan tidak tahu mengapa saya masih bermain seperti sesi untuk mengobrol dengan teman - teman sementara memiliki beberapa konten sampingan melihat kembali yang dimainkan saya bertanya tanya yang akan berubah jika saya menempatkan seperempat dari untuk piano atau sesuatu belajar bahasa baru bertemu orang baru menikmati berbagai jenis seni tapi yang bisa saya lakukan hanyalah bertanya -tanya karena anda tidak dapat mengubah masa lalu saya bahkan tidak tahu apakah saya dapat mengubah masa kini karena adalah kecanduan yang sulit terlepas dari semua adalah moba terbaik sangat kompleks dalam tetapi juga berarti lebih sulit bagi pemula untuk belajar saya akan memberikan jempol tidak banyak game yang bisa memakan waktu dari saya","bermain sesi mengobrol teman - teman memiliki konten sampingan dimainkan berubah menempatkan seperempat piano belajar bahasa bertemu orang menikmati jenis seni lakukan -tanya mengubah mengubah kecanduan sulit terlepas moba terbaik kompleks sulit pemula belajar jempol game memakan","bermain sesi mengobrol teman - teman memiliki konten sampingan dimainkan berubah menempatkan seperempat piano belajar bahasa bertemu orang menikmati jenis seni lakukan -tanya mengubah mengubah kecanduan sulit terlepas moba terbaik kompleks sulit pemula belajar jempol main memakan","main sesi obrol teman - teman milik konten samping main ubah tempat empat piano ajar bahasa temu orang nikmat jenis seni laku -tanya ubah ubah candu sulit lepas moba baik kompleks sulit mula ajar jempol main makan","main sesi obrol teman - teman milik konten samping main ubah tempat empat piano ajar bahasa temu orang nikmat jenis seni laku -tanya ubah ubah candu sulit lepas moba baik kompleks sulit mula ajar jempol main makan","baik"
"76561199055003630","Game mengajari saya tentang keragaman budaya yang ditawarkan oleh sudut kecil alam semesta kecil kami Kemudian mengajari saya untuk membenci mereka semua adalah program terbaik untuk mempelajari bahasa Rusia","game mengajari saya tentang keragaman budaya yang ditawarkan oleh sudut kecil alam semesta kecil kami kemudian mengajari saya untuk membenci mereka semua adalah program terbaik untuk mempelajari bahasa rusia","game mengajari saya tentang keragaman budaya yang ditawarkan oleh sudut kecil alam semesta kecil kami kemudian mengajari saya untuk membenci mereka semua adalah program terbaik untuk mempelajari bahasa rusia","game mengajari keragaman budaya ditawarkan sudut alam semesta mengajari membenci program terbaik mempelajari bahasa rusia","main mengajari keragaman budaya ditawarkan sudut alam semesta mengajari membenci program terbaik mempelajari bahasa rusia","main ajar ragam budaya tawar sudut alam semesta ajar benci program baik ajar bahasa rusia","main ajar ragam budaya tawar sudut alam semesta ajar benci program baik ajar bahasa rusia","baik"
"76561198095450430","Simulator Simulator Kesabaran Simulator Pengambilan Keputusan Instan Simulator Lingkungan Kerja Simulator Perbedaan Sosial Simulator Kecemasan dengan elemen yang terlihat tidak buruk Simulator Manajemen Kemarahan Simulator Bangunan Game yang sangat kompleks dengan mekanik aneh adalah permainan yang sulit karena terlalu panjang kurva belajar terlalu luas untuk pemain pemula Direkomendasikan tetapi bermain dengan tindakan pencegahan karena benar -benar dapat merusak hidup Anda atau menyelamatkan hidup Anda Pedang bermata untuk mengatakan setidaknya","simulator simulator kesabaran simulator pengambilan keputusan instan simulator lingkungan kerja simulator perbedaan sosial simulator kecemasan dengan elemen yang terlihat tidak buruk simulator manajemen kemarahan simulator bangunan game yang sangat kompleks dengan mekanik aneh adalah permainan yang sulit karena terlalu panjang kurva belajar terlalu luas untuk pemain pemula direkomendasikan tetapi bermain dengan tindakan pencegahan karena benar -benar dapat merusak hidup anda atau menyelamatkan hidup anda pedang bermata untuk mengatakan setidaknya","simulator simulator kesabaran simulator pengambilan keputusan instan simulator lingkungan kerja simulator perbedaan sosial simulator kecemasan dengan elemen yang terlihat tidak buruk simulator manajemen kemarahan simulator bangunan game yang sangat kompleks dengan mekanik aneh adalah permainan yang sulit karena terlalu panjang kurva belajar terlalu luas untuk pemain pemula direkomendasikan tetapi bermain dengan tindakan pencegahan karena benar -benar dapat merusak hidup anda atau menyelamatkan hidup anda pedang bermata untuk mengatakan setidaknya","simulator simulator kesabaran simulator pengambilan keputusan instan simulator lingkungan kerja simulator perbedaan sosial simulator kecemasan elemen buruk simulator manajemen kemarahan simulator bangunan game kompleks mekanik aneh permainan sulit kurva belajar luas pemain pemula direkomendasikan bermain tindakan pencegahan -benar merusak hidup menyelamatkan hidup pedang bermata","simulator simulator kesabaran simulator pengambilan keputusan instan simulator lingkungan kerja simulator perbedaan sosial simulator kecemasan elemen buruk simulator manajemen kemarahan simulator bangunan main kompleks mekanik aneh permainan sulit kurva belajar luas pemain pemula direkomendasikan bermain tindakan pencegahan -benar merusak hidup menyelamatkan hidup pedang bermata","simulator simulator sabar simulator ambil putus instan simulator lingkung kerja simulator beda sosial simulator cemas elemen buruk simulator manajemen marah simulator bangun main kompleks mekanik aneh main sulit kurva ajar luas main mula rekomendasi main tindak cegah -benar rusak hidup selamat hidup pedang mata","simulator simulator sabar simulator ambil putus instan simulator lingkung kerja simulator beda sosial simulator cemas elemen buruk simulator manajemen marah simulator bangun main kompleks mekanik aneh main sulit kurva ajar luas main mula rekomendasi main tindak cegah -benar rusak hidup selamat hidup pedang mata","baik"
"76561198090111140","adalah permainan yang ingin Anda mainkan jika Anda menginginkan heroin liga tetapi juga kompleks superioritas tidak bermain liga","adalah permainan yang ingin anda mainkan jika anda menginginkan heroin liga tetapi juga kompleks superioritas tidak bermain liga","adalah permainan yang ingin anda mainkan jika anda menginginkan heroin liga tetapi juga kompleks superioritas tidak bermain liga","permainan mainkan heroin liga kompleks superioritas bermain liga","permainan mainkan heroin liga kompleks superioritas bermain liga","main main heroin liga kompleks superioritas main liga","main main heroin liga kompleks superioritas main liga","baik"
"76561197996774380","adalah permainan multipemain berbasis kompetitif terbesar yang pernah dibuat hanya karya seni yang indah Komunitas beracun","adalah permainan multipemain berbasis kompetitif terbesar yang pernah dibuat hanya karya seni yang indah komunitas beracun","adalah permainan multipemain berbasis kompetitif terbesar yang pernah dibuat hanya karya seni yang indah komunitas beracun","permainan multipemain berbasis kompetitif terbesar karya seni indah komunitas beracun","permainan multipemain berbasis kompetitif terbesar karya seni indah komunitas beracun","main multipemain bas kompetitif besar karya seni indah komunitas racun","main multipemain bas kompetitif besar karya seni indah komunitas racun","baik"
"76561197970562200","Anehnya atau mungkin tidak aneh Deadlock membuat saya masuk permainan saya harus mengakui luar biasa Saya benar -benar mengerikan dalam yang mungkin dilakukan saya cukup yakin saya tidak akan pernah baik tetapi desain seni sangat keren seperti biasa jelas mengingatkan saya pada Warcraft gratis begitu banyak pilihan pahlawan sehingga Anda akan dengan mudah menemukan satu yang akan Anda nikmati bahkan jika offline dengan Lihatlah","anehnya atau mungkin tidak aneh deadlock membuat saya masuk permainan saya harus mengakui luar biasa saya benar -benar mengerikan dalam yang mungkin dilakukan saya cukup yakin saya tidak akan pernah baik tetapi desain seni sangat keren seperti biasa jelas mengingatkan saya pada warcraft gratis begitu banyak pilihan pahlawan sehingga anda akan dengan mudah menemukan satu yang akan anda nikmati bahkan jika offline dengan lihatlah","anehnya atau mungkin tidak aneh deadlock membuat saya masuk permainan saya harus mengakui luar biasa saya benar -benar mengerikan dalam yang mungkin dilakukan saya cukup yakin saya tidak akan pernah baik tetapi desain seni sangat keren seperti biasa jelas mengingatkan saya pada warcraft gratis begitu banyak pilihan pahlawan sehingga anda akan dengan mudah menemukan satu yang akan anda nikmati bahkan jika offline dengan lihatlah","anehnya aneh deadlock masuk permainan mengakui -benar mengerikan desain seni keren warcraft gratis pilihan pahlawan mudah menemukan nikmati offline lihatlah","anehnya aneh deadlock masuk permainan mengakui -benar mengerikan desain seni keren warcraft gratis pilihan pahlawan mudah menemukan nikmati offline lihatlah","aneh aneh deadlock masuk main aku -benar keri desain seni keren warcraft gratis pilih pahlawan mudah temu nikmat offline lihat","aneh aneh deadlock masuk main aku -benar keri desain seni keren warcraft gratis pilih pahlawan mudah temu nikmat offline lihat","baik"
"76561198020365260","Dota yang saya suka benci benci untuk mencintai hidup saya telah menghilang kekosongan yang indah membuat frustrasi yang harus saya tunjukkan untuk Lencana Archon mengkilap yang mengejek saya setiap kali saya masuk Mari kita mulai dengan yang baik Kedalaman strategi dalam game tidak tertandingi Dengan lebih dari pahlawan masing -masing dengan kemampuan unik serangkaian barang yang memusingkan kemungkinannya tidak terbatas Setiap pertandingan terasa seperti teka -teki baru untuk dipecahkan tantangan baru untuk diatasi Kegembiraan dari pertarungan yang dieksekusi dengan baik atau permainan yang memenangkan pertandingan Dopamin murni Tapi frustrasi Anda akan berpikir setelah hampir saya akan duduk cantik peringkat ilahi SALAH Saya masih mempermainkannya parit Archon legenda bertanya -tanya apakah saya akan pernah melihat tanah yang dijanjikan kuno seperti terjebak dalam lingkaran waktu tetapi bukannya hari groundhog adalah alasan untuk menghapus instalan kecuali saya tidak pernah melakukannya Komunitas Kantong campuran rekan satu yang sehat yang mengembalikan keyakinan Anda pada kemanusiaan pemain beracun yang membuat Anda mempertanyakan mengapa Anda repot -repot seperti eksperimen sosial yang salah tetapi entah bagaimana saya terus kembali lagi jangan lupa tambalannya Tepat ketika Anda pikir Anda sudah mendapatkan meta Icefrog menjatuhkan pembaruan baru yang mengubah segalanya Tiba -tiba pahlawan favorit Anda adalah sampah pahlawan yang tidak pernah Anda sentuh adalah panasnya baru menarik menyebalkan dalam ukuran yang sama Namun terlepas dari semua kelemahan spam Cyka Bllyat kekalahan yang menghancurkan sesuatu yang ajaib tentang Dota yang terus menarik saya kembali Mungkin harapan bahwa permainan berikutnya akan menjadi permainan mana semuanya mengklik Atau mungkin saya hanya seorang parang yang dihukum Jadi sinilah saya kedalaman masih mengejar mimpi kuno Apakah saya akan sampai sana Siapa tahu Tapi satu yang pasti - saya akan menghabiskan lagi untuk mencoba Jika Anda menghargai kehidupan sosial Anda jadwal tidur Anda atau kewarasan Anda tetap jauh jauh dari Dota Tetapi jika Anda siap untuk perjalanan liar yang secara bersamaan akan menjadi pengalaman bermain terbaik terburuk dalam hidup Anda selamat datang klub Sampai jumpa parit perjodohan mungkin masih memakai lencana Archon saya","dota yang saya suka benci benci untuk mencintai hidup saya telah menghilang kekosongan yang indah membuat frustrasi yang harus saya tunjukkan untuk lencana archon mengkilap yang mengejek saya setiap kali saya masuk mari kita mulai dengan yang baik kedalaman strategi dalam game tidak tertandingi dengan lebih dari pahlawan masing -masing dengan kemampuan unik serangkaian barang yang memusingkan kemungkinannya tidak terbatas setiap pertandingan terasa seperti teka -teki baru untuk dipecahkan tantangan baru untuk diatasi kegembiraan dari pertarungan yang dieksekusi dengan baik atau permainan yang memenangkan pertandingan dopamin murni tapi frustrasi anda akan berpikir setelah hampir saya akan duduk cantik peringkat ilahi salah saya masih mempermainkannya parit archon legenda bertanya -tanya apakah saya akan pernah melihat tanah yang dijanjikan kuno seperti terjebak dalam lingkaran waktu tetapi bukannya hari groundhog adalah alasan untuk menghapus instalan kecuali saya tidak pernah melakukannya komunitas kantong campuran rekan satu yang sehat yang mengembalikan keyakinan anda pada kemanusiaan pemain beracun yang membuat anda mempertanyakan mengapa anda repot -repot seperti eksperimen sosial yang salah tetapi entah bagaimana saya terus kembali lagi jangan lupa tambalannya tepat ketika anda pikir anda sudah mendapatkan meta icefrog menjatuhkan pembaruan baru yang mengubah segalanya tiba -tiba pahlawan favorit anda adalah sampah pahlawan yang tidak pernah anda sentuh adalah panasnya baru menarik menyebalkan dalam ukuran yang sama namun terlepas dari semua kelemahan spam cyka bllyat kekalahan yang menghancurkan sesuatu yang ajaib tentang dota yang terus menarik saya kembali mungkin harapan bahwa permainan berikutnya akan menjadi permainan mana semuanya mengklik atau mungkin saya hanya seorang parang yang dihukum jadi sinilah saya kedalaman masih mengejar mimpi kuno apakah saya akan sampai sana siapa tahu tapi satu yang pasti - saya akan menghabiskan lagi untuk mencoba jika anda menghargai kehidupan sosial anda jadwal tidur anda atau kewarasan anda tetap jauh jauh dari dota tetapi jika anda siap untuk perjalanan liar yang secara bersamaan akan menjadi pengalaman bermain terbaik terburuk dalam hidup anda selamat datang klub sampai jumpa parit perjodohan mungkin masih memakai lencana archon saya","dota yang saya suka benci benci untuk mencintai hidup saya telah menghilang kekosongan yang indah membuat frustrasi yang harus saya tunjukkan untuk lencana archon mengkilap yang mengejek saya setiap kali saya masuk mari kita mulai dengan yang baik kedalaman strategi dalam game tidak tertandingi dengan lebih dari pahlawan masing -masing dengan kemampuan unik serangkaian barang yang memusingkan kemungkinannya tidak terbatas setiap pertandingan terasa seperti teka -teki baru untuk dipecahkan tantangan baru untuk diatasi kegembiraan dari pertarungan yang dieksekusi dengan baik atau permainan yang memenangkan pertandingan dopamin murni tapi frustrasi anda akan berpikir setelah hampir saya akan duduk cantik peringkat ilahi salah saya masih mempermainkannya parit archon legenda bertanya -tanya apakah saya akan pernah melihat tanah yang dijanjikan kuno seperti terjebak dalam lingkaran waktu tetapi bukannya hari groundhog adalah alasan untuk menghapus instalan kecuali saya tidak pernah melakukannya komunitas kantong campuran rekan satu yang sehat yang mengembalikan keyakinan anda pada kemanusiaan pemain beracun yang membuat anda mempertanyakan mengapa anda repot -repot seperti eksperimen sosial yang salah tetapi entah bagaimana saya terus kembali lagi jangan lupa tambalannya tepat ketika anda pikir anda sudah mendapatkan meta icefrog menjatuhkan pembaruan baru yang mengubah segalanya tiba -tiba pahlawan favorit anda adalah sampah pahlawan yang tidak pernah anda sentuh adalah panasnya baru menarik menyebalkan dalam ukuran yang sama namun terlepas dari semua kelemahan spam cyka bllyat kekalahan yang menghancurkan sesuatu yang ajaib tentang dota yang terus menarik saya kembali mungkin harapan bahwa permainan berikutnya akan menjadi permainan mana semuanya mengklik atau mungkin saya hanya seorang parang yang dihukum jadi sinilah saya kedalaman masih mengejar mimpi kuno apakah saya akan sampai sana siapa tahu tapi satu yang pasti - saya akan menghabiskan lagi untuk mencoba jika anda menghargai kehidupan sosial anda jadwal tidur anda atau kewarasan anda tetap jauh jauh dari dota tetapi jika anda siap untuk perjalanan liar yang secara bersamaan akan menjadi pengalaman bermain terbaik terburuk dalam hidup anda selamat datang klub sampai jumpa parit perjodohan mungkin masih memakai lencana archon saya","dota suka benci benci mencintai hidup menghilang kekosongan indah frustrasi tunjukkan lencana archon mengkilap mengejek kali masuk kedalaman strategi game tertandingi pahlawan -masing kemampuan unik serangkaian barang memusingkan terbatas pertandingan teka -teki dipecahkan tantangan diatasi kegembiraan pertarungan dieksekusi permainan memenangkan pertandingan dopamin murni frustrasi berpikir duduk cantik peringkat ilahi salah mempermainkannya parit archon legenda -tanya tanah dijanjikan kuno terjebak lingkaran alasan menghapus instalan melakukannya komunitas kantong campuran rekan sehat mengembalikan keyakinan kemanusiaan pemain beracun repot -repot eksperimen sosial salah lupa tambalannya pikir meta icefrog menjatuhkan pembaruan mengubah -tiba pahlawan favorit sampah pahlawan sentuh panasnya menarik menyebalkan ukuran terlepas kelemahan spam cyka kekalahan menghancurkan ajaib dota menarik harapan permainan permainan mengklik parang dihukum kedalaman mengejar mimpi kuno - menghabiskan mencoba menghargai kehidupan sosial jadwal tidur kewarasan dota perjalanan liar bersamaan pengalaman bermain terbaik terburuk hidup selamat klub jumpa parit perjodohan memakai lencana archon","dota suka benci benci mencintai hidup menghilang kekosongan indah frustrasi tunjukkan lencana archon mengkilap mengejek kali masuk kedalaman strategi main tertandingi pahlawan -masing kemampuan unik serangkaian barang memusingkan terbatas pertandingan teka -teki dipecahkan tantangan diatasi kegembiraan pertarungan dieksekusi permainan memenangkan pertandingan dopamin murni frustrasi berpikir duduk cantik peringkat ilahi salah mempermainkannya parit archon legenda -tanya tanah dijanjikan kuno terjebak lingkaran alasan menghapus instalan melakukannya komunitas kantong campuran rekan sehat mengembalikan keyakinan kemanusiaan pemain beracun repot -repot eksperimen sosial salah lupa tambalannya pikir meta icefrog menjatuhkan pembaruan mengubah -tiba pahlawan favorit sampah pahlawan sentuh panasnya menarik menyebalkan ukuran terlepas kelemahan spam maki rusia kekalahan menghancurkan ajaib dota menarik harapan permainan permainan mengklik parang dihukum kedalaman mengejar mimpi kuno - menghabiskan mencoba menghargai kehidupan sosial jadwal tidur kewarasan dota perjalanan liar bersamaan pengalaman bermain terbaik terburuk hidup selamat klub jumpa parit perjodohan memakai lencana archon","dota suka benci benci cinta hidup hilang kosong indah frustrasi tunjuk lencana archon kilap ejek kali masuk dalam strategi main tanding pahlawan -masing mampu unik rangkai barang pusing batas tanding teka -teki pecah tantang atas gembira tarung eksekusi main menang tanding dopamin murni frustrasi pikir duduk cantik peringkat ilahi salah main parit archon legenda -tanya tanah janji kuno jebak lingkar alas hapus instalan laku komunitas kantong campur rekan sehat kembali yakin manusia main racun repot -repot eksperimen sosial salah lupa tambal pikir meta icefrog jatuh baru ubah -tiba pahlawan favorit sampah pahlawan sentuh panas tarik sebal ukur lepas lemah spam maki rusia kalah hancur ajaib dota tarik harap main main klik parang hukum dalam kejar mimpi kuno - habis coba harga hidup sosial jadwal tidur waras dota jalan liar sama alam main baik buruk hidup selamat klub jumpa parit jodoh pakai lencana archon","dota suka benci benci cinta hidup hilang kosong indah frustrasi tunjuk lencana archon kilap ejek kali masuk dalam strategi main tanding pahlawan -masing mampu unik rangkai barang pusing batas tanding teka -teki pecah tantang atas gembira tarung eksekusi main menang tanding dopamin murni frustrasi pikir duduk cantik peringkat ilahi salah main parit archon legenda -tanya tanah janji kuno jebak lingkar alas hapus instalan laku komunitas kantong campur rekan sehat kembali yakin manusia main racun repot -repot eksperimen sosial salah lupa tambal pikir meta icefrog jatuh baru ubah -tiba pahlawan favorit sampah pahlawan sentuh panas tarik sebal ukur lepas lemah spam maki rusia kalah hancur ajaib dota tarik harap main main klik parang hukum dalam kejar mimpi kuno - habis coba harga hidup sosial jadwal tidur waras dota jalan liar sama alam main baik buruk hidup selamat klub jumpa parit jodoh pakai lencana archon","buruk"
"76561199391981570","sendiri benar -benar luar biasa salah satu pengalaman bermain game terbaik luar sana Sayangnya komunitas tempat Anda harus membenamkan diri tidak pantas menjamin bahwa Anda menghabiskan waktu kewarasan kesejahteraan Anda sana Toksisitas merajalela Secara harfiah setiap - pertandingan minimal satu rekan satu yang aktif berduka mencoba yang terbaik untuk membuat Anda kalah menghancurkan barang - barang mengutuk semua orang atas comm voice comms atau caps lock berharap kanker untuk Anda keluarga Anda Anda tidak dapat meninggalkan permainan jadi Anda dipaksa untuk duduk seluruh permainan mencoba yang terbaik untuk menang terlepas dari cacat lingkungan yang benar -benar beracun tidak layak untuk dimainkan lagi sangat sedikit yang dilakukan untuk menghukum pelaku kesalahan hukumannya terlalu lembut Melakukan kasus Overwatch Anda bertindak sebagai hakim melihat semua cara orang -orang dengan sukarela mengganggu permainan memenangkan peluang membuat Anda mempertanyakan jalinan manusia atau setidaknya mereka yang kecanduan game Menjauhlah dengan segala cara","sendiri benar -benar luar biasa salah satu pengalaman bermain game terbaik luar sana sayangnya komunitas tempat anda harus membenamkan diri tidak pantas menjamin bahwa anda menghabiskan waktu kewarasan kesejahteraan anda sana toksisitas merajalela secara harfiah setiap - pertandingan minimal satu rekan satu yang aktif berduka mencoba yang terbaik untuk membuat anda kalah menghancurkan barang - barang mengutuk semua orang atas comm voice comms atau caps lock berharap kanker untuk anda keluarga anda anda tidak dapat meninggalkan permainan jadi anda dipaksa untuk duduk seluruh permainan mencoba yang terbaik untuk menang terlepas dari cacat lingkungan yang benar -benar beracun tidak layak untuk dimainkan lagi sangat sedikit yang dilakukan untuk menghukum pelaku kesalahan hukumannya terlalu lembut melakukan kasus overwatch anda bertindak sebagai hakim melihat semua cara orang -orang dengan sukarela mengganggu permainan memenangkan peluang membuat anda mempertanyakan jalinan manusia atau setidaknya mereka yang kecanduan game menjauhlah dengan segala cara","sendiri benar -benar luar biasa salah satu pengalaman bermain game terbaik luar sana sayangnya komunitas tempat anda harus membenamkan diri tidak pantas menjamin bahwa anda menghabiskan waktu kewarasan kesejahteraan anda sana toksisitas merajalela secara harfiah setiap - pertandingan minimal satu rekan satu yang aktif berduka mencoba yang terbaik untuk membuat anda kalah menghancurkan barang - barang mengutuk semua orang atas comm voice comms atau caps lock berharap kanker untuk anda keluarga anda anda tidak dapat meninggalkan permainan jadi anda dipaksa untuk duduk seluruh permainan mencoba yang terbaik untuk menang terlepas dari cacat lingkungan yang benar -benar beracun tidak layak untuk dimainkan lagi sangat sedikit yang dilakukan untuk menghukum pelaku kesalahan hukumannya terlalu lembut melakukan kasus overwatch anda bertindak sebagai hakim melihat semua cara orang -orang dengan sukarela mengganggu permainan memenangkan peluang membuat anda mempertanyakan jalinan manusia atau setidaknya mereka yang kecanduan game menjauhlah dengan segala cara","-benar salah pengalaman bermain game terbaik sayangnya komunitas membenamkan menjamin menghabiskan kewarasan kesejahteraan toksisitas merajalela harfiah - pertandingan minimal rekan aktif berduka mencoba terbaik kalah menghancurkan barang - barang mengutuk orang comm voice comms caps lock berharap kanker keluarga meninggalkan permainan dipaksa duduk permainan mencoba terbaik menang terlepas cacat lingkungan -benar beracun layak dimainkan menghukum pelaku kesalahan hukumannya lembut overwatch bertindak hakim orang -orang sukarela mengganggu permainan memenangkan peluang jalinan manusia kecanduan game menjauhlah","-benar salah pengalaman bermain main terbaik sayangnya komunitas membenamkan menjamin menghabiskan kewarasan kesejahteraan toksisitas merajalela harfiah - pertandingan minimal rekan aktif berduka mencoba terbaik kalah menghancurkan barang - barang mengutuk orang komunikasi suara komunikasi caps lock berharap kanker keluarga meninggalkan permainan dipaksa duduk permainan mencoba terbaik menang terlepas cacat lingkungan -benar beracun layak dimainkan menghukum pelaku kesalahan hukumannya lembut overwatch bertindak hakim orang -orang sukarela mengganggu permainan memenangkan peluang jalinan manusia kecanduan main menjauhlah","-benar salah alam main main baik sayang komunitas benam jamin habis waras sejahtera toksisitas rajalela harfiah - tanding minimal rekan aktif duka coba baik kalah hancur barang - barang kutuk orang komunikasi suara komunikasi caps lock harap kanker keluarga tinggal main paksa duduk main coba baik menang lepas cacat lingkung -benar racun layak main hukum laku salah hukum lembut overwatch tindak hakim orang -orang sukarela ganggu main menang peluang jalin manusia candu main jauh","-benar salah alam main main baik sayang komunitas benam jamin habis waras sejahtera toksisitas rajalela harfiah - tanding minimal rekan aktif duka coba baik kalah hancur barang - barang kutuk orang komunikasi suara komunikasi caps lock harap kanker keluarga tinggal main paksa duduk main coba baik menang lepas cacat lingkung -benar racun layak main hukum laku salah hukum lembut overwatch tindak hakim orang -orang sukarela ganggu main menang peluang jalin manusia candu main jauh","buruk"
"76561198036947710","adalah permainan yang memakan Anda sepanjang waktu saya memiliki lebih dari game tidak peduli seberapa baik Anda bermain Anda menemukan orang idiot yang merusak permainan Anda Anda tidak hubungannya tidak suka melaporkan mereka tidak menghasilkan efek yang Anda lakukan Anda tidak dapat menemukan pemain untuk memainkan peran mereka idenya adalah sampai sesuatu dilakukan tentang tidak layak bermain hanya marah","adalah permainan yang memakan anda sepanjang waktu saya memiliki lebih dari game tidak peduli seberapa baik anda bermain anda menemukan orang idiot yang merusak permainan anda anda tidak hubungannya tidak suka melaporkan mereka tidak menghasilkan efek yang anda lakukan anda tidak dapat menemukan pemain untuk memainkan peran mereka idenya adalah sampai sesuatu dilakukan tentang tidak layak bermain hanya marah","adalah permainan yang memakan anda sepanjang waktu saya memiliki lebih dari game tidak peduli seberapa baik anda bermain anda menemukan orang idiot yang merusak permainan anda anda tidak hubungannya tidak suka melaporkan mereka tidak menghasilkan efek yang anda lakukan anda tidak dapat menemukan pemain untuk memainkan peran mereka idenya adalah sampai sesuatu dilakukan tentang tidak layak bermain hanya marah","permainan memakan memiliki game peduli bermain menemukan orang idiot merusak permainan hubungannya suka melaporkan menghasilkan efek lakukan menemukan pemain memainkan peran idenya layak bermain marah","permainan memakan memiliki main peduli bermain menemukan orang idiot merusak permainan hubungannya suka melaporkan menghasilkan efek lakukan menemukan pemain memainkan peran idenya layak bermain marah","main makan milik main peduli main temu orang idiot rusak main hubung suka lapor hasil efek laku temu main main peran ide layak main marah","main makan milik main peduli main temu orang idiot rusak main hubung suka lapor hasil efek laku temu main main peran ide layak main marah","buruk"
"76561198022256660","Game mengerikan racunnya lantai keterampilan game adalah tebing gunung langit -langit keterampilan tidak terbatas Saya telah memainkan game selama saya tidak pernah benar -benar belajar cara memainkannya karena saya hanya memainkan dukungan terlalu rumit adalah permainan yang paling terpengaruh oleh inflasi keterampilan kejamnya sangat beracun saya menyesal setiap detik yang saya buang pada game Tidak peduli berapa banyak Valve yang mencoba meringankan lantai keterampilan dengan sekelompok kualitas hidup seperti menunjukkan rangkaian penglihatan bangsal atau menunjukkan kontrol kerumunan pada musuh permainan akan selalu dota Dota adalah untuk orang -orang yang membenci diri sendiri membawa yang terburuk pada orang Jika Anda seorang pemain baru game tidak bisa ditembus Berharap untuk kehilangan permainan dalam menit tunggu menit lagi dengan mengawasi pangkalan Anda perlahan -lahan kusut membuat mancur bertani untuk dilupakan Tidak menyenangkan untuk menginjak injak tidak menyenangkan untuk diinjak memiliki mentalitas sports atasnya adalah permainan Tryhard yang paling pasar menjauhlah dari permainan Sweatland yang kejam Anda telah diperingatkan","game mengerikan racunnya lantai keterampilan game adalah tebing gunung langit -langit keterampilan tidak terbatas saya telah memainkan game selama saya tidak pernah benar -benar belajar cara memainkannya karena saya hanya memainkan dukungan terlalu rumit adalah permainan yang paling terpengaruh oleh inflasi keterampilan kejamnya sangat beracun saya menyesal setiap detik yang saya buang pada game tidak peduli berapa banyak valve yang mencoba meringankan lantai keterampilan dengan sekelompok kualitas hidup seperti menunjukkan rangkaian penglihatan bangsal atau menunjukkan kontrol kerumunan pada musuh permainan akan selalu dota dota adalah untuk orang -orang yang membenci diri sendiri membawa yang terburuk pada orang jika anda seorang pemain baru game tidak bisa ditembus berharap untuk kehilangan permainan dalam menit tunggu menit lagi dengan mengawasi pangkalan anda perlahan -lahan kusut membuat mancur bertani untuk dilupakan tidak menyenangkan untuk menginjak injak tidak menyenangkan untuk diinjak memiliki mentalitas sports atasnya adalah permainan tryhard yang paling pasar menjauhlah dari permainan sweatland yang kejam anda telah diperingatkan","game mengerikan racunnya lantai keterampilan game adalah tebing gunung langit -langit keterampilan tidak terbatas saya telah memainkan game selama saya tidak pernah benar -benar belajar cara memainkannya karena saya hanya memainkan dukungan terlalu rumit adalah permainan yang paling terpengaruh oleh inflasi keterampilan kejamnya sangat beracun saya menyesal setiap detik yang saya buang pada game tidak peduli berapa banyak valve yang mencoba meringankan lantai keterampilan dengan sekelompok kualitas hidup seperti menunjukkan rangkaian penglihatan bangsal atau menunjukkan kontrol kerumunan pada musuh permainan akan selalu dota dota adalah untuk orang -orang yang membenci diri sendiri membawa yang terburuk pada orang jika anda seorang pemain baru game tidak bisa ditembus berharap untuk kehilangan permainan dalam menit tunggu menit lagi dengan mengawasi pangkalan anda perlahan -lahan kusut membuat mancur bertani untuk dilupakan tidak menyenangkan untuk menginjak injak tidak menyenangkan untuk diinjak memiliki mentalitas sports atasnya adalah permainan tryhard yang paling pasar menjauhlah dari permainan sweatland yang kejam anda telah diperingatkan","game mengerikan racunnya lantai keterampilan game tebing gunung langit -langit keterampilan terbatas memainkan game -benar belajar memainkannya memainkan dukungan rumit permainan terpengaruh inflasi keterampilan kejamnya beracun menyesal detik buang game peduli valve mencoba meringankan lantai keterampilan sekelompok kualitas hidup rangkaian penglihatan bangsal kontrol kerumunan musuh permainan dota dota orang -orang membenci membawa terburuk orang pemain game ditembus berharap kehilangan permainan menit tunggu menit mengawasi pangkalan perlahan -lahan kusut mancur bertani dilupakan menyenangkan menginjak injak menyenangkan diinjak memiliki mentalitas sports atasnya permainan tryhard pasar menjauhlah permainan sweatland kejam diperingatkan","main mengerikan racunnya lantai keterampilan main tebing gunung langit -langit keterampilan terbatas memainkan main -benar belajar memainkannya memainkan dukungan rumit permainan terpengaruh inflasi keterampilan kejamnya beracun menyesal detik buang main peduli valve mencoba meringankan lantai keterampilan sekelompok kualitas hidup rangkaian penglihatan bangsal kontrol kerumunan musuh permainan dota dota orang -orang membenci membawa terburuk orang pemain main ditembus berharap kehilangan permainan menit tunggu menit mengawasi pangkalan perlahan -lahan kusut mancur bertani dilupakan menyenangkan menginjak injak menyenangkan diinjak memiliki mentalitas sports atasnya permainan main usaha keras pasar menjauhlah permainan negara main profesional kejam diperingatkan","main keri racun lantai terampil main tebing gunung langit -langit terampil batas main main -benar ajar main main dukung rumit main pengaruh inflasi terampil kejam racun sesal detik buang main peduli valve coba ringan lantai terampil kelompok kualitas hidup rangkai lihat bangsal kontrol kerumun musuh main dota dota orang -orang benci bawa buruk orang main main tembus harap hilang main menit tunggu menit awas pangkal perlahan -lahan kusut mancur tan lupa senang injak injak senang injak milik mentalitas sports atas main main usaha keras pasar jauh main negara main profesional kejam ingat","main keri racun lantai terampil main tebing gunung langit -langit terampil batas main main -benar ajar main main dukung rumit main pengaruh inflasi terampil kejam racun sesal detik buang main peduli valve coba ringan lantai terampil kelompok kualitas hidup rangkai lihat bangsal kontrol kerumun musuh main dota dota orang -orang benci bawa buruk orang main main tembus harap hilang main menit tunggu menit awas pangkal perlahan -lahan kusut mancur tan lupa senang injak injak senang injak milik mentalitas sports atas main main usaha keras pasar jauh main negara main profesional kejam ingat","buruk"
"76561198083256020","Buang perjodohan seperti Anda yang dikendalikan oleh sistem sehingga Anda akan menjadi sangat kecanduan game setelah memberi Anda kemenangan beruntun dengan yang baik melawan musuh super noob selanjutnya akan memasangkan Anda dengan sampah melawan musuh baik super langka untuk mendapatkan kesimpulan yang seimbang Hapus instalan Selamat tinggal dota setelah memainkannya sejak","buang perjodohan seperti anda yang dikendalikan oleh sistem sehingga anda akan menjadi sangat kecanduan game setelah memberi anda kemenangan beruntun dengan yang baik melawan musuh super noob selanjutnya akan memasangkan anda dengan sampah melawan musuh baik super langka untuk mendapatkan kesimpulan yang seimbang hapus instalan selamat tinggal dota setelah memainkannya sejak","buang perjodohan seperti anda yang dikendalikan oleh sistem sehingga anda akan menjadi sangat kecanduan game setelah memberi anda kemenangan beruntun dengan yang baik melawan musuh super noob selanjutnya akan memasangkan anda dengan sampah melawan musuh baik super langka untuk mendapatkan kesimpulan yang seimbang hapus instalan selamat tinggal dota setelah memainkannya sejak","buang perjodohan dikendalikan sistem kecanduan game kemenangan beruntun melawan musuh super noob memasangkan sampah melawan musuh super langka kesimpulan seimbang hapus instalan selamat tinggal dota memainkannya","buang perjodohan dikendalikan sistem kecanduan main kemenangan beruntun melawan musuh super noob memasangkan sampah melawan musuh super langka kesimpulan seimbang hapus instalan selamat tinggal dota memainkannya","buang jodoh kendali sistem candu main menang untun lawan musuh super noob pasang sampah lawan musuh super langka simpul imbang hapus instalan selamat tinggal dota main","buang jodoh kendali sistem candu main menang untun lawan musuh super noob pasang sampah lawan musuh super langka simpul imbang hapus instalan selamat tinggal dota main","buruk"
"76561198064407490","Semakin tinggi Anda semakin banyak pembeli akun pembeli yang Anda temui Mereka bahkan tidak mencoba menyembunyikannya karena Valve tidak peduli Valve menyukai uang jika seseorang bersedia menggesek untuk meningkatkan akun akun mereka kemungkinan besar akan bersedia untuk dota membeli kulit DOTA adalah umpan yang sangat besar menurut saya tergantung pada yang Anda beli Saya membelinya hanya untuk kualitas pertandingan yang diprediksi kemampuan untuk menghindari orang Sebagian besar game yang memiliki kualitas pertandingan yang ideal berakhir dengan penginjaman satu sisi yang keras Permainan sendiri luar biasa tetapi telah menjadi kanker untuk dimainkan karena jumlah orang yang gila bermain peringkat tertentu yang tidak termasuk sana hanya membuang waktu orang lain Jangan kecanduan seperti saya lewati sampai Valve memutuskan untuk memberikan pekerjaan orang -orang nyata untuk menangani pembeli pembeli tidak mengandalkan komunitas mereka untuk mengidentifikasi mereka sambil membuang -buang waktu bermain dengan orang yang sama","semakin tinggi anda semakin banyak pembeli akun pembeli yang anda temui mereka bahkan tidak mencoba menyembunyikannya karena valve tidak peduli valve menyukai uang jika seseorang bersedia menggesek untuk meningkatkan akun akun mereka kemungkinan besar akan bersedia untuk dota membeli kulit dota adalah umpan yang sangat besar menurut saya tergantung pada yang anda beli saya membelinya hanya untuk kualitas pertandingan yang diprediksi kemampuan untuk menghindari orang sebagian besar game yang memiliki kualitas pertandingan yang ideal berakhir dengan penginjaman satu sisi yang keras permainan sendiri luar biasa tetapi telah menjadi kanker untuk dimainkan karena jumlah orang yang gila bermain peringkat tertentu yang tidak termasuk sana hanya membuang waktu orang lain jangan kecanduan seperti saya lewati sampai valve memutuskan untuk memberikan pekerjaan orang -orang nyata untuk menangani pembeli pembeli tidak mengandalkan komunitas mereka untuk mengidentifikasi mereka sambil membuang -buang waktu bermain dengan orang yang sama","semakin tinggi anda semakin banyak pembeli akun pembeli yang anda temui mereka bahkan tidak mencoba menyembunyikannya karena valve tidak peduli valve menyukai uang jika seseorang bersedia menggesek untuk meningkatkan akun akun mereka kemungkinan besar akan bersedia untuk dota membeli kulit dota adalah umpan yang sangat besar menurut saya tergantung pada yang anda beli saya membelinya hanya untuk kualitas pertandingan yang diprediksi kemampuan untuk menghindari orang sebagian besar game yang memiliki kualitas pertandingan yang ideal berakhir dengan penginjaman satu sisi yang keras permainan sendiri luar biasa tetapi telah menjadi kanker untuk dimainkan karena jumlah orang yang gila bermain peringkat tertentu yang tidak termasuk sana hanya membuang waktu orang lain jangan kecanduan seperti saya lewati sampai valve memutuskan untuk memberikan pekerjaan orang -orang nyata untuk menangani pembeli pembeli tidak mengandalkan komunitas mereka untuk mengidentifikasi mereka sambil membuang -buang waktu bermain dengan orang yang sama","pembeli akun pembeli temui mencoba menyembunyikannya valve peduli valve menyukai uang bersedia menggesek meningkatkan akun akun bersedia dota membeli kulit dota umpan tergantung beli membelinya kualitas pertandingan diprediksi kemampuan menghindari orang game memiliki kualitas pertandingan ideal penginjaman sisi keras permainan kanker dimainkan orang gila bermain peringkat membuang orang kecanduan lewati valve memutuskan pekerjaan orang -orang nyata menangani pembeli pembeli mengandalkan komunitas mengidentifikasi membuang -buang bermain orang","pembeli akun pembeli temui mencoba menyembunyikannya valve peduli valve menyukai uang bersedia menggesek meningkatkan akun akun bersedia dota membeli kulit dota umpan tergantung beli membelinya kualitas pertandingan diprediksi kemampuan menghindari orang main memiliki kualitas pertandingan ideal penginjaman sisi keras permainan kanker dimainkan orang gila bermain peringkat membuang orang kecanduan lewati valve memutuskan pekerjaan orang -orang nyata menangani pembeli pembeli mengandalkan komunitas mengidentifikasi membuang -buang bermain orang","beli akun beli temu coba sembunyi valve peduli valve suka uang sedia gesek tingkat akun akun sedia dota beli kulit dota umpan gantung beli bel kualitas tanding prediksi mampu hindar orang main milik kualitas tanding ideal penginjaman sisi keras main kanker main orang gila main peringkat buang orang candu lewat valve putus kerja orang -orang nyata tangan beli beli andal komunitas identifikasi buang -buang main orang","beli akun beli temu coba sembunyi valve peduli valve suka uang sedia gesek tingkat akun akun sedia dota beli kulit dota umpan gantung beli bel kualitas tanding prediksi mampu hindar orang main milik kualitas tanding ideal penginjaman sisi keras main kanker main orang gila main peringkat buang orang candu lewat valve putus kerja orang -orang nyata tangan beli beli andal komunitas identifikasi buang -buang main orang","buruk"
"76561198004942140","Saya suka permainan jangan salah paham tetapi selamatkan diri Anda dari rasa sakit emosional Saya sudah terlalu dalam tetapi masih waktu bagi Anda untuk keluar Matchmaking menjadi jauh lebih baik tetapi masyarakat sangat beracun Kustomisasi pahlawan terbaru sangat mahal Anda sendiri dapat membuat keputusan sendiri tetapi jauh dari mengangkat saya tidak akan merekomendasikan siapa mulai","saya suka permainan jangan salah paham tetapi selamatkan diri anda dari rasa sakit emosional saya sudah terlalu dalam tetapi masih waktu bagi anda untuk keluar matchmaking menjadi jauh lebih baik tetapi masyarakat sangat beracun kustomisasi pahlawan terbaru sangat mahal anda sendiri dapat membuat keputusan sendiri tetapi jauh dari mengangkat saya tidak akan merekomendasikan siapa mulai","saya suka permainan jangan salah paham tetapi selamatkan diri anda dari rasa sakit emosional saya sudah terlalu dalam tetapi masih waktu bagi anda untuk keluar matchmaking menjadi jauh lebih baik tetapi masyarakat sangat beracun kustomisasi pahlawan terbaru sangat mahal anda sendiri dapat membuat keputusan sendiri tetapi jauh dari mengangkat saya tidak akan merekomendasikan siapa mulai","suka permainan salah paham selamatkan sakit emosional matchmaking masyarakat beracun kustomisasi pahlawan terbaru mahal keputusan mengangkat merekomendasikan","suka permainan salah paham selamatkan sakit emosional jodoh main masyarakat beracun kustomisasi pahlawan terbaru mahal keputusan mengangkat merekomendasikan","suka main salah paham selamat sakit emosional jodoh main masyarakat racun kustomisasi pahlawan baru mahal putus angkat rekomendasi","suka main salah paham selamat sakit emosional jodoh main masyarakat racun kustomisasi pahlawan baru mahal putus angkat rekomendasi","buruk"
"76561198120223790","Tinjauan negatif DOTA DOTA adalah salah satu game paling berlebihan beracun yang pernah saya temui Meskipun bertahun -tahun keberadaan sumber daya Valve yang sangat besar permainan tetap sangat membuat frustrasi melelahkan secara mental seringkali tidak adil dalam segala Komunitas Terrible Salah satu alasan utama orang keluar dari Dota adalah komunitasnya benar -benar beracun hampir setiap pertandingan setidaknya satu pemain yang sengaja merusak pertandingan atau menghina seluruh Sistem laporan praktis tidak berguna - pemain pemain beracun tidak dihukum sementara Anda bisa diredam hanya untuk meminta Anda bermain kooperatif Kurva belajar yang sangat tinggi bahkan jika Anda ingin mempelajari permainan bersedia menginvestasikan waktu mencoba memahami mekaniknya Dota tidak membuatnya mudah bagi Anda Tidak tutorial yang tepat banyaknya informasi yang perlu Anda hafal sangat luar biasa Selain bahkan jika Anda menjadi pemain yang terampil tidak berarti Anda akan menang - terlalu banyak tergantung pada rekan satu keberuntungan murni Balance adalah pahlawan mitos yang terlalu kuat atau sama sekali tidak berguna Setiap tambalan menggeser meta begitu drastis sehingga Anda harus mempelajari kembali semuanya Beberapa pahlawan tetap tidak dapat dimainkan selama berbulan -bulan sehingga tidak gunanya menginvestasikan waktu menguasai mereka karena mereka mungkin menjadi tidak relevan hanya dalam beberapa pembaruan Matchmaking adalah lotre sistem peringkat DOTA adalah sumber frustrasi lain Matchmaking bekerja sedemikian rupa sehingga kadang -kadang Anda mendapatkan yang bermain dengan sempurna kadang -kadang Anda mendapatkan pemain yang tidak memiliki pemahaman tentang dasar -dasar permainan Tidak keseimbangan antara kemenangan atau kerugian Anda lebih tergantung pada keberuntungan daripada keterampilan Buang -buang waktu untuk membuat kemajuan nyata Anda perlu berinvestasi ratusan namun bahkan setelah Anda tidak akan selalu menikmati permainan Setiap pertandingan sangat menegangkan atau mengecewakan perasaan puas sangat jarang Kesimpulan Dota mungkin tampak menarik pada awalnya tetapi pada kenyataannya menghabiskan waktu saraf energi Anda adalah permainan bagi mereka yang bersedia menanggung toksisitas mekanik yang tidak seimbang frustrasi Jika Anda mencari kesenangan yang terbaik adalah menjauh dari kekacauan","tinjauan negatif dota dota adalah salah satu game paling berlebihan beracun yang pernah saya temui meskipun bertahun -tahun keberadaan sumber daya valve yang sangat besar permainan tetap sangat membuat frustrasi melelahkan secara mental seringkali tidak adil dalam segala komunitas terrible salah satu alasan utama orang keluar dari dota adalah komunitasnya benar -benar beracun hampir setiap pertandingan setidaknya satu pemain yang sengaja merusak pertandingan atau menghina seluruh sistem laporan praktis tidak berguna - pemain pemain beracun tidak dihukum sementara anda bisa diredam hanya untuk meminta anda bermain kooperatif kurva belajar yang sangat tinggi bahkan jika anda ingin mempelajari permainan bersedia menginvestasikan waktu mencoba memahami mekaniknya dota tidak membuatnya mudah bagi anda tidak tutorial yang tepat banyaknya informasi yang perlu anda hafal sangat luar biasa selain bahkan jika anda menjadi pemain yang terampil tidak berarti anda akan menang - terlalu banyak tergantung pada rekan satu keberuntungan murni balance adalah pahlawan mitos yang terlalu kuat atau sama sekali tidak berguna setiap tambalan menggeser meta begitu drastis sehingga anda harus mempelajari kembali semuanya beberapa pahlawan tetap tidak dapat dimainkan selama berbulan -bulan sehingga tidak gunanya menginvestasikan waktu menguasai mereka karena mereka mungkin menjadi tidak relevan hanya dalam beberapa pembaruan matchmaking adalah lotre sistem peringkat dota adalah sumber frustrasi lain matchmaking bekerja sedemikian rupa sehingga kadang -kadang anda mendapatkan yang bermain dengan sempurna kadang -kadang anda mendapatkan pemain yang tidak memiliki pemahaman tentang dasar -dasar permainan tidak keseimbangan antara kemenangan atau kerugian anda lebih tergantung pada keberuntungan daripada keterampilan buang -buang waktu untuk membuat kemajuan nyata anda perlu berinvestasi ratusan namun bahkan setelah anda tidak akan selalu menikmati permainan setiap pertandingan sangat menegangkan atau mengecewakan perasaan puas sangat jarang kesimpulan dota mungkin tampak menarik pada awalnya tetapi pada kenyataannya menghabiskan waktu saraf energi anda adalah permainan bagi mereka yang bersedia menanggung toksisitas mekanik yang tidak seimbang frustrasi jika anda mencari kesenangan yang terbaik adalah menjauh dari kekacauan","tinjauan negatif dota dota adalah salah satu game paling berlebihan beracun yang pernah saya temui meskipun bertahun -tahun keberadaan sumber daya valve yang sangat besar permainan tetap sangat membuat frustrasi melelahkan secara mental seringkali tidak adil dalam segala komunitas terrible salah satu alasan utama orang keluar dari dota adalah komunitasnya benar -benar beracun hampir setiap pertandingan setidaknya satu pemain yang sengaja merusak pertandingan atau menghina seluruh sistem laporan praktis tidak berguna - pemain pemain beracun tidak dihukum sementara anda bisa diredam hanya untuk meminta anda bermain kooperatif kurva belajar yang sangat tinggi bahkan jika anda ingin mempelajari permainan bersedia menginvestasikan waktu mencoba memahami mekaniknya dota tidak membuatnya mudah bagi anda tidak tutorial yang tepat banyaknya informasi yang perlu anda hafal sangat luar biasa selain bahkan jika anda menjadi pemain yang terampil tidak berarti anda akan menang - terlalu banyak tergantung pada rekan satu keberuntungan murni balance adalah pahlawan mitos yang terlalu kuat atau sama sekali tidak berguna setiap tambalan menggeser meta begitu drastis sehingga anda harus mempelajari kembali semuanya beberapa pahlawan tetap tidak dapat dimainkan selama berbulan -bulan sehingga tidak gunanya menginvestasikan waktu menguasai mereka karena mereka mungkin menjadi tidak relevan hanya dalam beberapa pembaruan matchmaking adalah lotre sistem peringkat dota adalah sumber frustrasi lain matchmaking bekerja sedemikian rupa sehingga kadang -kadang anda mendapatkan yang bermain dengan sempurna kadang -kadang anda mendapatkan pemain yang tidak memiliki pemahaman tentang dasar -dasar permainan tidak keseimbangan antara kemenangan atau kerugian anda lebih tergantung pada keberuntungan daripada keterampilan buang -buang waktu untuk membuat kemajuan nyata anda perlu berinvestasi ratusan namun bahkan setelah anda tidak akan selalu menikmati permainan setiap pertandingan sangat menegangkan atau mengecewakan perasaan puas sangat jarang kesimpulan dota mungkin tampak menarik pada awalnya tetapi pada kenyataannya menghabiskan waktu saraf energi anda adalah permainan bagi mereka yang bersedia menanggung toksisitas mekanik yang tidak seimbang frustrasi jika anda mencari kesenangan yang terbaik adalah menjauh dari kekacauan","tinjauan negatif dota dota salah game beracun temui bertahun -tahun keberadaan sumber daya valve permainan frustrasi melelahkan mental seringkali adil komunitas terrible salah alasan utama orang dota komunitasnya -benar beracun pertandingan pemain sengaja merusak pertandingan menghina sistem laporan praktis berguna - pemain pemain beracun dihukum diredam bermain kooperatif kurva belajar mempelajari permainan bersedia menginvestasikan mencoba memahami mekaniknya dota membuatnya mudah tutorial banyaknya informasi hafal pemain terampil menang - tergantung rekan keberuntungan murni balance pahlawan mitos kuat berguna tambalan menggeser meta drastis mempelajari pahlawan dimainkan berbulan -bulan gunanya menginvestasikan menguasai relevan pembaruan matchmaking lotre sistem peringkat dota sumber frustrasi matchmaking rupa kadang -kadang bermain sempurna kadang -kadang pemain memiliki pemahaman dasar -dasar permainan keseimbangan kemenangan kerugian tergantung keberuntungan keterampilan buang -buang kemajuan nyata berinvestasi ratusan menikmati permainan pertandingan menegangkan mengecewakan perasaan puas jarang kesimpulan dota menarik kenyataannya menghabiskan saraf energi permainan bersedia menanggung toksisitas mekanik seimbang frustrasi mencari kesenangan terbaik menjauh kekacauan","tinjauan negatif dota dota salah main beracun temui bertahun -tahun keberadaan sumber daya valve permainan frustrasi melelahkan mental seringkali adil komunitas terrible salah alasan utama orang dota komunitasnya -benar beracun pertandingan pemain sengaja merusak pertandingan menghina sistem laporan praktis berguna - pemain pemain beracun dihukum diredam bermain kooperatif kurva belajar mempelajari permainan bersedia menginvestasikan mencoba memahami mekaniknya dota membuatnya mudah tutorial banyaknya informasi hafal pemain terampil menang - tergantung rekan keberuntungan murni balance pahlawan mitos kuat berguna tambalan menggeser meta drastis mempelajari pahlawan dimainkan berbulan -bulan gunanya menginvestasikan menguasai relevan pembaruan jodoh main lotre sistem peringkat dota sumber frustrasi jodoh main rupa kadang -kadang bermain sempurna kadang -kadang pemain memiliki pemahaman dasar -dasar permainan keseimbangan kemenangan kerugian tergantung keberuntungan keterampilan buang -buang kemajuan nyata berinvestasi ratusan menikmati permainan pertandingan menegangkan mengecewakan perasaan puas jarang kesimpulan dota menarik kenyataannya menghabiskan saraf energi permainan bersedia menanggung toksisitas mekanik seimbang frustrasi mencari kesenangan terbaik menjauh kekacauan","tinjau negatif dota dota salah main racun temu tahun -tahun ada sumber daya valve main frustrasi lelah mental seringkali adil komunitas terrible salah alas utama orang dota komunitas -benar racun tanding main sengaja rusak tanding hina sistem lapor praktis guna - main main racun hukum redam main kooperatif kurva ajar ajar main sedia investasi coba paham mekanik dota buat mudah tutorial banyak informasi hafal main terampil menang - gantung rekan untung murni balance pahlawan mitos kuat guna tambal geser meta drastis ajar pahlawan main bulan -bulan guna investasi kuasa relevan baru jodoh main lotre sistem peringkat dota sumber frustrasi jodoh main rupa kadang -kadang main sempurna kadang -kadang main milik paham dasar -dasar main imbang menang rugi gantung untung terampil buang -buang maju nyata investasi ratus nikmat main tanding tegang kecewa asa puas jarang simpul dota tarik nyata habis saraf energi main sedia tanggung toksisitas mekanik imbang frustrasi cari senang baik jauh kacau","tinjau negatif dota dota salah main racun temu tahun -tahun ada sumber daya valve main frustrasi lelah mental seringkali adil komunitas terrible salah alas utama orang dota komunitas -benar racun tanding main sengaja rusak tanding hina sistem lapor praktis guna - main main racun hukum redam main kooperatif kurva ajar ajar main sedia investasi coba paham mekanik dota buat mudah tutorial banyak informasi hafal main terampil menang - gantung rekan untung murni balance pahlawan mitos kuat guna tambal geser meta drastis ajar pahlawan main bulan -bulan guna investasi kuasa relevan baru jodoh main lotre sistem peringkat dota sumber frustrasi jodoh main rupa kadang -kadang main sempurna kadang -kadang main milik paham dasar -dasar main imbang menang rugi gantung untung terampil buang -buang maju nyata investasi ratus nikmat main tanding tegang kecewa asa puas jarang simpul dota tarik nyata habis saraf energi main sedia tanggung toksisitas mekanik imbang frustrasi cari senang baik jauh kacau","buruk"
"76561198017043300","Saya tidak merekomendasikannya Komunitas beracun perjodohan sangat tidak seimbang Orang -orang kasar mereka melaporkan Anda tanpa alasan Jika Anda pergi prioritas rendah karena hubungan yang buruk adalah neraka bumi Sebagian besar permainan orang tidak akan menerima orang tidak memuat game pencarian menunda hingga menit Anda harus memenangkan pertandingan untuk meninggalkan Hukumannya tidak adil permainannya hanyalah kecanduan yang buruk","saya tidak merekomendasikannya komunitas beracun perjodohan sangat tidak seimbang orang -orang kasar mereka melaporkan anda tanpa alasan jika anda pergi prioritas rendah karena hubungan yang buruk adalah neraka bumi sebagian besar permainan orang tidak akan menerima orang tidak memuat game pencarian menunda hingga menit anda harus memenangkan pertandingan untuk meninggalkan hukumannya tidak adil permainannya hanyalah kecanduan yang buruk","saya tidak merekomendasikannya komunitas beracun perjodohan sangat tidak seimbang orang -orang kasar mereka melaporkan anda tanpa alasan jika anda pergi prioritas rendah karena hubungan yang buruk adalah neraka bumi sebagian besar permainan orang tidak akan menerima orang tidak memuat game pencarian menunda hingga menit anda harus memenangkan pertandingan untuk meninggalkan hukumannya tidak adil permainannya hanyalah kecanduan yang buruk","merekomendasikannya komunitas beracun perjodohan seimbang orang -orang kasar melaporkan alasan pergi prioritas rendah hubungan buruk neraka bumi permainan orang menerima orang memuat game pencarian menunda menit memenangkan pertandingan meninggalkan hukumannya adil permainannya kecanduan buruk","merekomendasikannya komunitas beracun perjodohan seimbang orang -orang kasar melaporkan alasan pergi prioritas rendah hubungan buruk neraka bumi permainan orang menerima orang memuat main pencarian menunda menit memenangkan pertandingan meninggalkan hukumannya adil permainannya kecanduan buruk","rekomendasi komunitas racun jodoh imbang orang -orang kasar lapor alas pergi prioritas rendah hubung buruk neraka bumi main orang terima orang muat main cari tunda menit menang tanding tinggal hukum adil main candu buruk","rekomendasi komunitas racun jodoh imbang orang -orang kasar lapor alas pergi prioritas rendah hubung buruk neraka bumi main orang terima orang muat main cari tunda menit menang tanding tinggal hukum adil main candu buruk","buruk"
"76561199808351860","Sistem perjodohan sangat buruk Tambahkan bahwa setiap permainan memiliki troll kesedihan bunuh diri atau pemutusan permanen hanya membuat pengalaman yang mengerikan","sistem perjodohan sangat buruk tambahkan bahwa setiap permainan memiliki troll kesedihan bunuh diri atau pemutusan permanen hanya membuat pengalaman yang mengerikan","sistem perjodohan sangat buruk tambahkan bahwa setiap permainan memiliki troll kesedihan bunuh diri atau pemutusan permanen hanya membuat pengalaman yang mengerikan","sistem perjodohan buruk tambahkan permainan memiliki troll kesedihan bunuh pemutusan permanen pengalaman mengerikan","sistem perjodohan buruk tambahkan permainan memiliki troll kesedihan bunuh pemutusan permanen pengalaman mengerikan","sistem jodoh buruk tambah main milik troll sedih bunuh putus permanen alam keri","sistem jodoh buruk tambah main milik troll sedih bunuh putus permanen alam keri","buruk"
